mail_adress,name_surname,user_type,password,auth_key,user_ID
arefeen.nafi@gmail.com,Nafi,admin,test,P7YUdzi3SqKFiU7OIzC4uLcZZlHXBDZ-qSH9NkUiZd0=,7770001
test@gmail.com,tester,user,123,,7770002
Cookie@py,Raia,user,cook,zKn9R2LzU6NYoIDBaRH3viYkfGn4YKYq78vuMSaiHY4=,7770003
Cookie@py,Raia,user,cook,j3qg0MX5Nio1sGDolQK9BatEH06skUd3bmPgwxmrqxI=,7770004
Cookie.py,Raia,user,cookie,Le0b8ahw-3oHQ6NDP2QM_827NWqaOwR2jHg2P38l41M=,7770005
Cookie,Raia,user,cook,MBqlr61o4x_ddrwobfmfPOjtJ_rNr8k_hu2rxtiXxkg=,7770006
yuh,wasgood,user,12345,Zw_Y_fRQhVImcDZanEYTmP1LmKAR7fKVuUS4UPsbJfk=,7770007
meep,meep,user,gAAAAABnC5jxO33E7lWqj7SGPtZjWhvjLfRWZPXlp6uRaYA1jU3pTLWEGUUA0MyrYK3-6x6iGSkBbPnujQy6VtfFLS1iF5nKrA==,Fpeg5UvgGKxVZFol0t7kfuk1Lb2WIwDROF5HWlzxPNo=,7770008

a,a,user,gAAAAABnC7gyUa2VN2Nw57SqgWsA5gaoUSfsjFmrVlXR6fVqoORHXyQVr6BZVEn4u8LI2MXaTQJ0aMQo2FPt_7NtxVsYUGJqvQ==,4hpwcjczLCOzKYwfa6GoW8B2cD1sv2X_ZrfXPydcPhM=,7770009